{
  "meta": {
    "project": "veo3-generator",
    "version": "0.2"
  },
  "templates": [
    {
      "id": "scene_night_street",
      "title": "Malam di jalan kota",
      "description": "3 remaja duduk di warung kopi pinggir jalan, lampu neon berkedip, motor lewat belakang.",
      "slots": {
        "characters": ["Agus (penasaran)", "Bima (kacamata)", "Sinta (malu)"],
        "lighting": "neon cinematic",
        "camera": "wide, low angle"
      },
      "output_format": "image"
    }
  ]
}